timestamp,action_type,item_id,cursor_time,source,user_answer,platform
1561532330302,enter,b6960,,diagnosis,,mobile
1561532343033,respond,q9609,,diagnosis,b,mobile
1561532351694,submit,b6960,,diagnosis,,mobile
1561532354202,enter,b4658,,diagnosis,,mobile
1561532363300,respond,q6126,,diagnosis,a,mobile
1561532367816,submit,b4658,,diagnosis,,mobile
1561532367914,enter,b4672,,diagnosis,,mobile
1561532377841,respond,q6140,,diagnosis,a,mobile
1561532393171,submit,b4672,,diagnosis,,mobile
1561532393262,enter,b3916,,diagnosis,,mobile
1561532404078,respond,q5384,,diagnosis,a,mobile
1561532411435,submit,b3916,,diagnosis,,mobile
1561532411538,enter,b2647,,diagnosis,,mobile
1561532426515,respond,q4115,,diagnosis,b,mobile
1561532430565,submit,b2647,,diagnosis,,mobile
1561532430653,enter,b4680,,diagnosis,,mobile
1561532440481,respond,q6148,,diagnosis,b,mobile
1561532445024,submit,b4680,,diagnosis,,mobile
